mMed,mDark,N_generated,NA_0SVJ,NA_1SVJ,NA_2SVJ,NA_3PSVJ,NA_Inclusive,eff_0SVJ,eff_1SVJ,eff_2SVJ,eff_3PSVJ,eff_Inclusive
500,1,5597345.521354675,20927.7021484375,3408.559814453125,96.63948249816895,0.00029999999242136255,24432.901745388786,0.0037388619424324116,0.0006089600510543759,1.7265234409681422e-05,5.359683286958427e-11,0.004365087281493302
500,5,5607573.89919281,14276.59033203125,6851.460205078125,1246.9442443847656,65.12431716918945,22440.11909866333,0.0025459477821748035,0.0012218225436252152,0.00022236786653213054,1.1613635119202595e-05,0.004001751827451352
500,10,5594460.927619934,9946.248046875,7183.0955810546875,1501.3351745605469,84.44986295700073,18715.128665447235,0.0017778742537587903,0.0012839656356507276,0.0002683610081444011,1.5095263699147588e-05,0.0033452961612530667
500,20,5498128.108139038,8143.692138671875,7929.28759765625,2529.7373046875,193.78593063354492,18796.50297164917,0.0014811754070656396,0.0014421794912196201,0.0004601088324847609,3.524580126583046e-05,0.003418709532035851
500,30,,,,,,,,,,,
500,40,,,,,,,,,,,
500,50,,,,,,,,,,,
500,60,,,,,,,,,,,
500,70,,,,,,,,,,,
500,80,,,,,,,,,,,
500,90,,,,,,,,,,,
500,100,,,,,,,,,,,
600,1,2554759.776248932,19979.86767578125,2880.437255859375,166.4448652267456,0.00029999999242136255,23026.750096867363,0.00782064437585479,0.00112747870959853,6.515088689517847e-05,1.1742786746934088e-10,0.009013274089776365
600,5,2555172.738838196,12575.71044921875,6861.65478515625,906.5388946533203,133.27440452575684,20477.178533554077,0.0049216674309607595,0.002685397617491863,0.00035478575709347617,5.2158667200854296e-05,0.008014009472746953
600,10,2548328.56754303,8869.04638671875,6525.59423828125,1246.2735748291016,42.40140805968986,16683.31560788879,0.0034803386422300473,0.0025607350329133185,0.000489055293223313,1.6638909361900362e-05,0.006546767877728579
600,20,2459518.4546279907,7376.2777099609375,6794.8035888671875,2103.2440490722656,409.7358589172363,16684.061206817627,0.0029990739431457612,0.002762656070370865,0.0008551446504150697,0.00016659190263291197,0.006783466566564608
600,30,,,,,,,,,,,
600,40,,,,,,,,,,,
600,50,,,,,,,,,,,
600,60,,,,,,,,,,,
600,70,,,,,,,,,,,
600,80,,,,,,,,,,,
600,90,,,,,,,,,,,
600,100,,,,,,,,,,,
700,1,1282513.4105491638,16386.72705078125,2430.079833984375,182.33069229125977,0.00029999999242136255,18999.137877056877,0.012777041484318328,0.001894779277936619,0.00014216669454800238,2.339156767903928e-10,0.014813987690718627
700,5,1286780.834941864,9909.980224609375,5925.2469482421875,1017.0644683837891,128.04302501678467,16980.334666252136,0.007701373812469861,0.004604705624567284,0.0007903944795927423,9.950647502654916e-05,0.013195980391656438
700,10,1290467.7280902863,7177.1129150390625,5807.7969970703125,1457.3013458251953,51.671369552612305,14493.882627487183,0.005561636884682267,0.004500536410674174,0.0011292815109617655,4.004080724209879e-05,0.011231495613560304
700,20,1398491.2246704102,6246.650390625,6917.8289794921875,1769.9391784667969,71.66845798492432,15006.087006568909,0.004466706891276476,0.004946637388534596,0.0012656062099237898,5.124698440765318e-05,0.010730197474142516
700,30,,,,,,,,,,,
700,40,,,,,,,,,,,
700,50,,,,,,,,,,,
700,60,,,,,,,,,,,
700,70,,,,,,,,,,,
700,80,,,,,,,,,,,
700,90,,,,,,,,,,,
700,100,,,,,,,,,,,
800,1,828467.6775693893,13960.487060546875,2139.3883666992188,91.92134284973145,0.00029999999242136255,16191.797070095818,0.016850973717532386,0.0025823437952050116,0.0001109534449423737,3.6211429913780274e-10,0.01954427131979407
800,5,828467.5405263901,9233.5224609375,5414.7708740234375,870.7583465576172,75.3924759460424,15594.444157464597,0.011145303840233406,0.006535887779722801,0.0010510470283535266,9.10023293104998e-05,0.018823240977620233
800,10,828467.4490976334,5952.9053955078125,4983.37548828125,1242.3530578613281,44.54429490119219,12223.178236551583,0.007185442713520871,0.006015173551729935,0.0014995798075283452,5.376710328174007e-05,0.01475396317606089
800,20,795270.3885984421,5228.600341796875,5142.5950927734375,1711.1249389648438,203.2522087097168,12285.572582244873,0.006574619672450756,0.006466473750942211,0.002151626620954004,0.00025557623120850973,0.015448296275555481
800,30,,,,,,,,,,,
800,40,,,,,,,,,,,
800,50,,,,,,,,,,,
800,60,,,,,,,,,,,
800,70,,,,,,,,,,,
800,80,,,,,,,,,,,
800,90,,,,,,,,,,,
800,100,,,,,,,,,,,
900,1,512722.94605255127,11109.672607421875,1688.8882446289062,96.21215057373047,6.54714604873152,12901.320148673243,0.021667984031054452,0.0032939587698027554,0.00018764939489146495,1.276936423294087e-05,0.025162361559981614
900,5,512722.99392938614,7079.5284423828125,4249.2000732421875,839.8337707519531,25.121312005612708,12193.683598382566,0.01380770616142452,0.008287516112116089,0.0016379873356481799,4.899587555668021e-05,0.02378220548474547
900,10,512722.9993224144,4924.731689453125,3439.9110107421875,1050.3377075195312,72.11698532104492,9487.097393035889,0.009605053207992173,0.006709102215598244,0.0020485480637841445,0.00014065486708485993,0.01850335835445942
900,20,512722.95265197754,3482.7691650390625,3934.629150390625,1323.0414733886719,170.57363891601562,8911.013427734375,0.006792692129394628,0.0076739867603729936,0.0025804217785559457,0.0003326818860629327,0.017379782554386502
900,30,,,,,,,,,,,
900,40,,,,,,,,,,,
900,50,,,,,,,,,,,
900,60,,,,,,,,,,,
900,70,,,,,,,,,,,
900,80,,,,,,,,,,,
900,90,,,,,,,,,,,
900,100,,,,,,,,,,,
1000,1,332849.2174196243,8076.304931640625,1221.4653778076172,33.2528742385839,0.00029999999242136255,9331.023483686819,0.024264154785314684,0.003669725851473795,9.990371765441728e-05,9.013089913417203e-10,0.028033785255751887
1000,5,332849.18595552444,5144.861572265625,3232.7960205078125,488.7407760620117,59.6049861907959,8926.003355026245,0.01545703516592973,0.00971249489833447,0.0014683550288968339,0.00017907505472691875,0.026816960147887953
1000,10,332849.20907974243,3144.6806030273438,2748.9860229492188,694.2511291503906,80.46311473846436,6668.3808698654175,0.009447763483415568,0.008258953147431483,0.002085782721460712,0.00024174044144772893,0.02003423979375549
1000,20,332849.31053876877,2118.6050415039062,2780.6254272460938,1097.1694946289062,114.38043212890625,6110.7803955078125,0.006365057623447115,0.00835400687099281,0.0032962949295372297,0.00034364028558077407,0.018358999709557927
1000,30,,,,,,,,,,,
1000,40,,,,,,,,,,,
1000,50,,,,,,,,,,,
1000,60,,,,,,,,,,,
1000,70,,,,,,,,,,,
1000,80,,,,,,,,,,,
1000,90,,,,,,,,,,,
1000,100,,,,,,,,,,,
1500,1,66652.5956016779,1548.65380859375,209.55339813232422,8.596155166625977,0.00029999999242136255,1766.8036618926926,0.023234711185872628,0.0031439645559286963,0.0001289695485828849,4.500949883695309e-09,0.02650764979133409
1500,5,66652.60771691799,1062.2857971191406,744.2908935546875,141.9821662902832,18.156819343566895,1966.7156763076782,0.01593764795566292,0.011166718288289402,0.002130181716119785,0.00027240973707557233,0.02950695769714768
1500,10,66652.60109841824,616.3594818115234,620.8699798583984,158.03000259399414,20.54611763358116,1415.8055818974972,0.009247343264239849,0.009315015012566893,0.0023709502703525313,0.00030825680160993373,0.02124156534876921
1500,20,66652.60048478842,428.9644470214844,630.6558837890625,241.7483367919922,29.074483394622803,1330.4431509971619,0.006435824617516363,0.009461834635139135,0.003626990320462657,0.00043620928790705227,0.019960858861025207
1500,30,66652.61390656233,419.1652603149414,572.7916412353516,198.86546325683594,31.134675979614258,1221.9570407867432,0.006288804530645305,0.008593686093666567,0.0029836108683692075,0.00046711860427950706,0.018333220096960586
1500,40,66652.61857837439,631.9456481933594,504.201416015625,151.92497634887695,16.049121618270874,1304.1211621761322,0.009481182610256753,0.00756461526598168,0.002279354953927788,0.00024078756334830711,0.019565940393514527
1500,50,,,,,,,,,,,
1500,60,,,,,,,,,,,
1500,70,,,,,,,,,,,
1500,80,,,,,,,,,,,
1500,90,,,,,,,,,,,
1500,100,,,,,,,,,,,
2000,1,22539.397213310003,316.5520477294922,63.928420066833496,2.4001836478710175,0.00029999999242136255,382.8809514441891,0.014044388354031106,0.0028362967945337234,0.00010648836901696984,1.331002730828161e-08,0.016987186827609108
2000,5,22539.397559762,267.61249923706055,235.38018035888672,34.50520706176758,2.932627260684967,540.4305139183998,0.011873099027048101,0.010443055531310844,0.0015308841760423666,0.0001301111643693787,0.02397714989877069
2000,10,22539.39548447728,144.5004005432129,158.53168106079102,44.88625431060791,6.5763280391693115,354.4946639537811,0.006411014911324009,0.007033537397663155,0.0019914577718608624,0.0002917703823821886,0.015727780463230215
2000,20,22539.391845464706,84.42943000793457,143.86275672912598,67.5740909576416,8.581379652023315,304.44765734672546,0.003745861050147329,0.006382725750343327,0.0029980441096612203,0.00038072809199375223,0.013507359002145627
2000,30,22539.395550489426,88.99362182617188,153.6036548614502,66.17848777770996,7.789823889732361,316.5655883550644,0.003948358846927439,0.006814896811113234,0.0029361252225893406,0.0003456092632245948,0.014044990143854607
2000,40,22539.3928219378,150.4323387145996,134.26976776123047,41.3181676864624,9.075859308242798,335.0961334705353,0.006674196590077725,0.005957115563048551,0.00183315353758097,0.000402666539420227,0.014867132230127473
2000,50,22539.396391808987,183.13379669189453,110.25176429748535,35.28817367553711,1.6992789097130299,330.37301357463,0.008125053284854024,0.004891513613805195,0.0015656219475496309,7.539150029459363e-05,0.014657580346503444
2000,60,,,,,,,,,,,
2000,70,,,,,,,,,,,
2000,80,,,,,,,,,,,
2000,90,,,,,,,,,,,
2000,100,,,,,,,,,,,
2500,1,9901.33253954351,97.55900001525879,16.168663501739502,1.4356700165008078,0.00029999999242136255,115.16363353349152,0.009853118216728093,0.0016329785346735704,0.00014499765670601323,3.0298951300063466e-08,0.011631124707058977
2500,5,9901.332767158747,80.71202087402344,62.685458183288574,14.093186378479004,0.36211793700204,157.85278337279306,0.008151631984507504,0.006331012163454091,0.0014233625623839262,3.6572645876839074e-05,0.01594257935622236
2500,10,9901.33298330009,43.00470733642578,50.19960403442383,15.158252000808716,1.7206628248095512,110.08322619646788,0.004343325025929228,0.005069984427257634,0.0015309304339501677,0.00017378092704403307,0.011118020814181062
2500,20,9901.331694945693,20.80170965194702,49.64092540740967,38.057748794555664,4.671131610870361,113.17151546478271,0.0021009001912909975,0.005013560492347685,0.0038437000160274305,0.00047176801614017455,0.011429928715806286
2500,30,9901.333654671907,34.4645881652832,54.70511341094971,25.60486364364624,2.669620633125305,117.44418585300446,0.003480802623899177,0.005525024740999139,0.0025860014960272224,0.0002696223282876297,0.011861451189213168
2500,40,9901.332302019,46.048630714416504,56.471320152282715,22.2270827293396,4.541948676109314,129.28898227214813,0.0046507509605577665,0.0057034062113810215,0.002244857767757904,0.0004587209617420028,0.013057735901438695
2500,50,9901.333699151874,56.981698989868164,37.23411464691162,10.811327457427979,1.2892244292233954,106.31636552343116,0.005754951880346088,0.003760515075873164,0.0010919061801092566,0.0001302071486928905,0.010737580285021399
2500,60,9901.333384141326,71.15939044952393,45.10382270812988,6.543047070503235,0.403920915312483,123.21018114346953,0.007186849254414342,0.004555328152102357,0.0006608248421352058,4.079459802448741e-05,0.012443796846676392
2500,70,,,,,,,,,,,
2500,80,,,,,,,,,,,
2500,90,,,,,,,,,,,
2500,100,,,,,,,,,,,
3000,1,4969.9785539880395,38.656450271606445,7.420769691467285,0.7974878085587989,0.00029999999242136255,46.87500777162495,0.007777991363883755,0.0014931190569248368,0.00016046101605788097,6.036243198285731e-08,0.009431631799298457
3000,5,4969.977953508496,26.249227046966553,20.72575569152832,3.552940785884857,0.8431804999709129,51.37110402435064,0.0052815580456320186,0.004170190669939938,0.0007148805928558901,0.00016965477671297913,0.010336284085140826
3000,10,4969.978850930929,17.65331220626831,15.637170791625977,7.936698079109192,1.1605879068374634,42.38776898384094,0.003551989401919016,0.0031463254192111846,0.0015969279381586434,0.00023351968723570585,0.00852876244652455
3000,20,4969.978624098003,9.68968915939331,21.09732413291931,13.392369031906128,2.2611864805221558,46.440568804740906,0.0019496440311454828,0.0042449526906664006,0.0026946532459858814,0.0004549690555122934,0.009344219023310058
3000,30,4969.9781753867865,11.050843238830566,19.669699668884277,12.1058189868927,2.3081556856632233,45.13451758027077,0.002223519470077057,0.003957703429422704,0.0024357891643961935,0.0004644196823829296,0.009081431746278885
3000,40,4969.978040121496,18.513957023620605,23.457715034484863,8.23333752155304,1.2653776109218597,51.47038719058037,0.0037251587178377178,0.004719883034716873,0.001656614466922628,0.0002546042659960981,0.010356260485473317
3000,50,4969.977753087878,28.175310134887695,21.44567632675171,7.12735378742218,0.3170398995280266,57.06538014858961,0.005669101862152642,0.004315044733032734,0.0014340816280302082,6.379100979497296e-05,0.011482019233010557
3000,60,4969.978239759803,30.870972156524658,17.923092365264893,3.1994276642799377,0.2754991838519345,52.26899136992142,0.006211490406448267,0.003606271798512162,0.000643750839527733,5.5432674060409825e-05,0.010516945718548571
3000,70,4969.977974966168,35.11261749267578,15.390369653701782,3.540185660123825,0.548760099503852,54.59193290600524,0.0070649442853747855,0.003096667577044252,0.000712314154701646,0.00011041499625711872,0.010984341013377802
3000,80,4969.978153929114,40.134010314941406,14.629533529281616,2.6668822169303894,0.01623843417473836,57.44666449532815,0.008075289080136635,0.0029435810533122663,0.0005365983781683292,3.267304940143599e-06,0.011558735816557374
3000,90,,,,,,,,,,,
3000,100,,,,,,,,,,,
3500,1,2757.420439273119,17.874423503875732,2.6900503039360046,0.057912168093025684,0.00029999999242136255,20.622685975897184,0.006482298908536267,0.0009755676956703513,2.1002298839959224e-05,1.0879733396784615e-07,0.007478977700380546
3500,5,2757.4205662868917,13.220066547393799,10.730929374694824,3.506513774394989,0.32738231867551804,27.78489201515913,0.004794359884388538,0.0038916549422654666,0.0012716644741345411,0.00011872774239744176,0.010076407043185987
3500,10,2757.4206417798996,7.746748924255371,9.124177932739258,3.558993637561798,0.7867814004421234,21.21670189499855,0.0028094186309038753,0.003308953953013731,0.001290696669066961,0.00028533238219840857,0.007694401635182976
3500,20,2757.4208665266633,3.4840219616889954,10.589227676391602,6.946041584014893,1.4145569950342178,22.433848217129707,0.0012635075058663723,0.0038402653018761463,0.0025190356932216704,0.0005130000328227151,0.008135808533786905
3500,30,2757.4203609116375,6.6320061683654785,11.364670515060425,6.309277057647705,1.7076009511947632,26.01355469226837,0.0024051487623645653,0.004121486399448767,0.0022881085332820926,0.0006192748031461584,0.009434018498241584
3500,40,2757.4204986542463,10.549212217330933,11.041723012924194,3.888002395629883,0.5272166132926941,26.006154239177704,0.00382575389661441,0.004004366768983216,0.001410014322272361,0.00019119920721195812,0.009431334195081945
3500,50,2757.420642171055,14.042005062103271,9.785963296890259,3.03657329082489,0.41520317643880844,27.27974482625723,0.005092442134997328,0.0035489555518759303,0.0011012368749201951,0.00015057665489582258,0.009893211216689277
3500,60,2757.420679703355,16.76935338973999,9.521941661834717,2.2808414697647095,0.30751217156648636,28.879648692905903,0.006081536093920949,0.0034532060094867693,0.0008271648524845632,0.00011152167452358729,0.010473428630415869
3500,70,2757.4207852967083,19.40560245513916,9.40222692489624,1.1756618171930313,0.02497253414185252,30.008463731370284,0.0070375919985135845,0.0034097904008816436,0.0004263628617953302,9.056482882486644e-06,0.010882801744073045
3500,80,2757.421120982617,21.354105472564697,7.714874982833862,0.8631482571363449,0.010692586525692604,29.942821299060597,0.007744230763328266,0.0027978588123980996,0.0003130273611702658,3.87774882999455e-06,0.010858994685726627
3500,90,2757.420285027474,23.628417015075684,8.015172004699707,0.783241331577301,0.016281258016533684,32.443111609369225,0.008569029952878676,0.002906764720714255,0.0002840485854950099,5.904525365588751e-06,0.01176574778445353
3500,100,,,,,,,,,,,
4000,1,1634.5889874640852,10.057772397994995,1.690337896347046,0.16459904797375202,0.00029999999242136255,11.913009342308214,0.00615308953818336,0.0010341057656147862,0.00010069751432077878,1.8353237096426606e-07,0.00728807635048989
4000,5,1634.5890507753938,8.346455097198486,6.440983772277832,1.708050936460495,0.13783694989979267,16.633326755836606,0.005106148908338283,0.003940430023816963,0.0010449421129122658,8.432513960276895e-05,0.01017584618467028
4000,10,1634.5890482980758,4.865715742111206,4.986869513988495,1.3584045469760895,0.2919830456376076,11.502972848713398,0.0029767211197073416,0.0030508399155009594,0.0008310373475158494,0.00017862780002204134,0.007037226182746191
4000,20,1634.5886925887316,1.842663824558258,4.72062623500824,4.508784532546997,0.8291242346167564,11.901198826730251,0.0011272951005429958,0.002887959678426557,0.002758360285367166,0.0005072372263285729,0.007280852290665292
4000,30,1634.5887264050543,3.1658118963241577,6.705602049827576,3.550711512565613,0.638293594121933,14.06041905283928,0.0019367635694433776,0.004102317568637087,0.0021722354101723685,0.00039049186123149766,0.00860180840948433
4000,40,1634.588922308758,4.303052604198456,5.939755916595459,2.751113176345825,0.25008717365562916,13.24400887079537,0.0026324983275432053,0.00363379185771424,0.0016830611897577553,0.0001529969830594448,0.008102348358074645
4000,50,1634.5887099206448,7.239489555358887,6.4168617725372314,1.918773591518402,0.6215146332979202,16.19663955271244,0.004428936472778125,0.003925673616605827,0.0011738571176180177,0.00038022692162610936,0.00990869412862808
4000,60,1634.5889981929213,9.126883506774902,6.4793360233306885,1.5233789682388306,0.16745419148355722,17.29705268982798,0.00558359533611501,0.003963893082905706,0.0009319645304862347,0.00010244421788515767,0.010581897167392109
4000,70,1634.5887101162225,12.076480627059937,5.747874855995178,0.9716702103614807,0.1776209754680167,18.973646668884612,0.00738808518150188,0.003516404353231152,0.0005944432408886472,0.00010866401705135202,0.011607596792673031
4000,80,1634.5890889130533,13.63184118270874,4.678307771682739,0.30573077872395515,0.038190774619579315,18.654070507735014,0.00833961346932363,0.002862069619462379,0.0001870383087698547,2.3364143856469087e-05,0.011412085541412334
4000,90,1634.5889115799218,14.56631326675415,3.9826077222824097,0.6220108643174171,0.0024713388629606925,19.173403192216938,0.008911300672335401,0.0024364583009638774,0.0003805304562577809,1.5119023783001224e-06,0.011729801331935361
4000,100,1634.5888860151172,15.58358383178711,3.0769075751304626,0.3232631981372833,0.029994486234500073,19.013749091289355,0.009533641128429273,0.0018823739727189155,0.00019776422126871948,1.8349865517330254e-05,0.011632129187934237
