mMed,yukawa,N_generated,NA_0SVJ,NA_1SVJ,NA_2SVJ,NA_3PSVJ,NA_Inclusive,eff_0SVJ,eff_1SVJ,eff_2SVJ,eff_3PSVJ,eff_Inclusive
500,0.1,,,,,,,,,,,
500,0.5,1328261.2261390686,3329.6895141601562,2958.7091064453125,790.1552124023438,114.85120855102286,7193.405041558835,0.0025068032165922296,0.0022275054396081093,0.0005948793782824876,8.646733510761834e-05,0.005415655369590445
500,1.0,5498128.108139038,8143.692138671875,7929.28759765625,2529.7373046875,193.78593063354492,18796.50297164917,0.0014811754070656396,0.0014421794912196201,0.0004601088324847609,3.524580126583046e-05,0.003418709532035851
500,1.5,20158032.933502197,30838.5166015625,28511.345703125,7742.655517578125,625.973388671875,67718.4912109375,0.0015298375939405068,0.0014143912651189187,0.00038409777100373744,3.105329725062217e-05,0.0033593799273137852
500,2.0,56819322.0010376,89276.2890625,89575.224609375,25742.93115234375,2306.5681762695312,206901.01300048828,0.0015712311572614276,0.0015764923173095806,0.0004530664964969777,4.059478527792729e-05,0.003641384756345913
500,2.5,122999250.3717041,389929.6171875,288794.546875,50527.7255859375,2258.383834838867,731510.2734832764,0.003170178810107635,0.002347937454921571,0.0004107970205773008,1.8360956087244633e-05,0.005947274241693752
500,3.0,246196964.4970703,828713.15625,610898.078125,115991.17578125,5830.254943847656,1561432.6651000977,0.003366057570786424,0.0024813387905612033,0.0004711316243000643,2.3681262503612366e-05,0.006342209248151304
500,3.5,443692632.33154297,1701359.53125,1236027.21875,201279.296875,8397.067260742188,3147063.114135742,0.0038345453750484714,0.002785773593433024,0.0004536457948767491,1.8925415138441153e-05,0.0070928901784966854
600,0.1,236153.28585505486,,,,,,,,,,
600,0.5,542104.215118885,2938.37744140625,2880.8228149414062,991.613525390625,54.38652992248535,6865.200311660767,0.005420318380593767,0.0053141494469096376,0.001829193534629059,0.00010032486080293293,0.012663986222935396
600,1.0,2459518.4546279907,7376.2777099609375,6794.8035888671875,2103.2440490722656,409.7358589172363,16684.061206817627,0.0029990739431457612,0.002762656070370865,0.0008551446504150697,0.00016659190263291197,0.006783466566564608
600,1.5,10070089.762496948,24786.529296875,25908.8212890625,7180.59375,791.0976104736328,58667.04194641113,0.0024614010283388983,0.0025728490907352378,0.0007130615435765016,7.855914188767616e-05,0.005825870804538314
600,2.0,28800925.744934082,74151.9140625,74463.8203125,23684.42041015625,2156.6209106445312,174456.77569580078,0.0025746364793688237,0.0025854662093838343,0.0008223492751555808,7.48802635631901e-05,0.006057332227471428
600,2.5,64902375.886535645,332242.578125,238231.078125,51841.1103515625,3471.3825073242188,625786.1491088867,0.005119112722557905,0.0036706064280525416,0.0007987552018464277,5.3486216180945326e-05,0.009641960568637819
600,3.0,130768647.08740234,708269.46875,535351.609375,106462.1796875,6584.831848144531,1356668.0896606445,0.00541620246538615,0.004093883521003204,0.0008141261843623989,5.035482124200155e-05,0.010374566991993754
600,3.5,235382551.64794922,1346350.9375,1088164.03125,220984.6484375,13152.822265625,2668652.439453125,0.005719841713304539,0.0046229596188485395,0.0009388319010493883,5.587849300443079e-05,0.011337511726206898
700,0.1,87495.33902049065,,,,,,,,,,
700,0.5,245947.013245821,2373.071533203125,2282.0756225585938,714.3186645507812,64.66031169891357,5434.126132011414,0.009648710516485392,0.009278728749097218,0.0029043599884534016,0.00026290342316247765,0.02209470267719849
700,1.0,1398491.2246704102,6246.650390625,6917.8289794921875,1769.9391784667969,71.66845798492432,15006.087006568909,0.004466706891276476,0.004946637388534596,0.0012656062099237898,5.124698440765318e-05,0.010730197474142516
700,1.5,5487697.132110596,21571.357421875,22110.09521484375,6780.9967041015625,602.4077758789062,51064.85711669922,0.003930857863064784,0.0040290297883731965,0.001235672549132382,0.00010977423887954567,0.009305334439449909
700,2.0,16204026.369628906,59667.51171875,66532.609375,18500.57177734375,2186.9007568359375,146887.5936279297,0.0036822645407800867,0.0041059307024889575,0.0011417268372272734,0.00013496033065799192,0.00906488241115431
700,2.5,37110096.20391846,243823.48828125,208704.703125,45216.5244140625,2923.7669677734375,500668.48278808594,0.00657027367812387,0.005623933227717229,0.0012184426622232278,7.878629448189673e-05,0.013491435862546223
700,3.0,75333054.63806152,517720.03125,430752.375,85307.634765625,7206.1954345703125,1040986.2364501953,0.006872415219818066,0.005717973034142242,0.0011324064207337199,9.565781540643157e-05,0.01381845249010046
700,3.5,136154966.4465332,973895.1875,847819.25,186627.9296875,13183.11865234375,2021525.4858398438,0.007152843652474768,0.006226869809651275,0.0013707023295458493,9.682436855889967e-05,0.014847240160230792
800,0.1,35616.102309823036,,,,,,,,,,
800,0.5,124504.62459146976,1591.8929443359375,1831.6091613769531,534.8239898681641,65.43064594268799,4023.7567415237427,0.012785813776470785,0.014711173720549838,0.004295615457040675,0.000525527836073415,0.032318130790134715
800,1.0,795270.3885984421,5228.600341796875,5142.5950927734375,1711.1249389648438,203.2522087097168,12285.572582244873,0.006574619672450756,0.006466473750942211,0.002151626620954004,0.00025557623120850973,0.015448296275555481
800,1.5,3412921.479663849,15154.452880859375,18597.28662109375,6389.2786865234375,504.0401306152344,40645.0583190918,0.00444031688720597,0.0054490813023115505,0.0018720848764304829,0.000147685826825667,0.01190916889277367
800,2.0,10124004.048461914,46282.6708984375,50258.3740234375,17653.30029296875,1715.6222534179688,115909.96746826172,0.004571577675877064,0.00496427834114438,0.0017437073521963597,0.00016946084229180195,0.011449024211509605
800,2.5,23577107.124176025,174536.06640625,162754.40234375,34096.16796875,1731.5195007324219,373118.1562194824,0.007402777002581469,0.00690306921398602,0.001446155704733924,7.344071058475692e-05,0.01582544263188617
800,3.0,47817018.46435547,350103.3984375,332184.40625,82476.703125,2907.4373779296875,767671.9451904297,0.007321732087885817,0.006946991195145767,0.0017248399371968604,6.080340161938362e-05,0.016054366621847827
800,3.5,86726333.11950684,655673.0625,620454.125,154210.9140625,7348.08447265625,1437686.1860351562,0.007560253488366654,0.007154160710853863,0.0017781325292515367,8.472725881919582e-05,0.01657727398729125
900,0.1,15669.983765408397,,,,,,,,,,
900,0.5,68376.86792373657,1059.6064147949219,1301.0168762207031,443.1529235839844,33.08248805999756,2836.858702659607,0.015496562609108432,0.019027149322952006,0.0064810357221721585,0.0004838257303170974,0.0414885733845497
900,1.0,512722.95265197754,3482.7691650390625,3934.629150390625,1323.0414733886719,170.57363891601562,8911.013427734375,0.006792692129394628,0.0076739867603729936,0.0025804217785559457,0.0003326818860629327,0.017379782554386502
900,1.5,2196004.884004593,11824.130615234375,14293.453125,4273.7099609375,512.675332069397,30903.969033241272,0.0053843826584174595,0.00650884395982523,0.0019461295337121671,0.00023345819301389347,0.014072814344968751
900,2.0,6513325.191650391,28721.310546875,36828.4013671875,12509.515625,1139.9898376464844,79199.21737670898,0.004409623303269677,0.005654316387334511,0.001920603571434801,0.00017502424707856878,0.012159567509117558
900,2.5,15266029.06967163,117746.44921875,112453.4453125,29114.4736328125,1352.8508605957031,260667.2190246582,0.007712971636656441,0.007366253843699699,0.001907141241506803,8.861838624972582e-05,0.01707498510811267
900,3.0,31247442.566223145,237341.890625,234243.7109375,59506.7822265625,1944.3453369140625,533036.7291259766,0.007595562104706585,0.0074964122404918105,0.0019043728810909546,6.22241430732574e-05,0.017058571369362608
900,3.5,56730266.62963867,450986.2734375,430615.296875,113326.97265625,5917.1431884765625,1000845.6861572266,0.007949658978015145,0.007590574175973033,0.0019976456905464717,0.00010430310908119648,0.017642181953615846
1000,0.1,7287.370917163789,,,,,,,,,,
1000,0.5,40292.27712869644,704.9158935546875,933.1934204101562,312.29705810546875,45.600013732910156,1996.0063858032227,0.017495062175392453,0.023160602649224045,0.007750791972068727,0.0011317308671153139,0.04953818766380054
1000,1.0,332849.31053876877,2118.6050415039062,2780.6254272460938,1097.1694946289062,114.38043212890625,6110.7803955078125,0.006365057623447115,0.00835400687099281,0.0032962949295372297,0.00034364028558077407,0.018358999709557927
1000,1.5,1459405.0399780273,7175.60205078125,8912.0029296875,3517.7631225585938,329.5172576904297,19934.885360717773,0.004916799554761909,0.00610660007712573,0.002410409054508649,0.00022578876231329917,0.013659597448709586
1000,2.0,4412700.52154541,19229.400390625,25408.94140625,9581.98388671875,973.3130950927734,55193.63877868652,0.004357739732559622,0.0057581386459807414,0.002171455742335979,0.00022057084779274823,0.012507904968669091
1000,2.5,10402055.440597534,75690.708984375,77698.654296875,20973.209228515625,1177.73095703125,175540.30346679688,0.007276514667376838,0.0074695481811825155,0.0020162562436132183,0.00011322098442532398,0.016875540076597896
1000,3.0,21159993.674926758,146933.79296875,156432.8828125,45538.720703125,1905.24853515625,350810.64501953125,0.006943943142235301,0.007392860565826302,0.0021521140980814884,9.004012781978512e-05,0.016578957933962878
1000,3.5,38554231.46606445,285135.3828125,298682.6953125,75887.845703125,5547.259521484375,665253.1833496094,0.007395696191311115,0.007747079476228216,0.001968340252610708,0.0001438819893574351,0.017254997909507474
1500,0.1,299.8815685766749,,,,,,,,,,
1500,0.5,5738.304794281721,99.51286506652832,141.61822891235352,61.100154876708984,7.063546419143677,309.2947952747345,0.01734185767993605,0.024679453948399103,0.010647770912691134,0.001230946537761914,0.0539000290787882
1500,1.0,66652.60048478842,428.9644470214844,630.6558837890625,241.7483367919922,29.074483394622803,1330.4431509971619,0.006435824617516363,0.009461834635139135,0.003626990320462657,0.00043620928790705227,0.019960858861025207
1500,1.5,315744.7021102905,1281.450927734375,1559.4591369628906,788.7101440429688,144.10271644592285,3773.722925186157,0.004058503338835945,0.004938987500155006,0.0024979362718411348,0.000456389974187397,0.011951817085019483
1500,2.0,983650.0052642822,2402.4240112304688,4636.0556640625,2055.8796997070312,222.17544174194336,9316.534816741943,0.002442356527599466,0.004713115070656567,0.0020900520395510675,0.00022586838870828894,0.00947139202651539
1500,2.5,2339462.5811576843,8831.698486328125,12821.71728515625,4271.019775390625,293.9805908203125,26218.416137695312,0.003775097134469983,0.005480625075358725,0.0018256414143102508,0.0001256615913364325,0.011207025215475392
1500,3.0,4779620.313491821,19275.12255859375,25865.8056640625,10174.034912109375,858.7757415771484,56173.73887634277,0.004032772750627136,0.005411686277893036,0.0021286282685238204,0.00017967446894327833,0.01175276176598727
1500,3.5,8666769.256591797,37600.859375,50772.970703125,17977.89111328125,1348.0377502441406,107699.75894165039,0.0043385093408828705,0.005858350349469376,0.0020743474968607906,0.0001555409761508126,0.01242674816336385
2000,0.1,26.691387250903063,,,,,,,,,,
2000,0.5,1642.8655205946416,15.364448547363281,31.231318473815918,14.26266860961914,1.5710748732089996,62.42951050400734,0.009352225337227882,0.01901027082393915,0.008681580099420865,0.0009563015679094312,0.03800037782849733
2000,1.0,22539.391845464706,84.42943000793457,143.86275672912598,67.5740909576416,8.581379652023315,304.44765734672546,0.003745861050147329,0.006382725750343327,0.0029980441096612203,0.00038072809199375223,0.013507359002145627
2000,1.5,110848.58816385269,219.69134521484375,462.6697235107422,236.9938507080078,37.07436275482178,956.4292821884155,0.0019819047662574044,0.004173889186814352,0.0021379961137411277,0.00033445949442332715,0.008628249561236211
2000,2.0,349126.08345508575,801.6797943115234,1301.702392578125,833.4165649414062,69.90237951278687,3006.7011313438416,0.002296247207821863,0.003728459299563007,0.002387150672598266,0.00020022101706353786,0.008612078197046675
2000,2.5,836192.3317193985,2011.264404296875,3482.5238037109375,1761.7026977539062,127.88244390487671,7383.3733496665955,0.0024052653056041134,0.004164740181902995,0.0021068151798659183,0.00015293424617028213,0.008829754913543309
2000,3.0,1709076.5641593933,3848.2166748046875,6890.720947265625,3609.8091430664062,303.9843978881836,14652.731163024902,0.0022516350381864996,0.004031838650045977,0.0021121400987918204,0.00017786470440409898,0.008573478491428397
2000,3.5,3183655.566177368,7828.147216796875,13600.23583984375,6499.0087890625,838.2115936279297,28765.603439331055,0.002458854940202018,0.004271892972446647,0.002041366804282127,0.00026328589139257134,0.009035400608323363
2500,0.1,4.452702955168206,,,,,,,,,,
2500,0.5,661.6982620675117,3.269617438316345,6.637550711631775,3.9531493186950684,0.6147180944681168,14.475035563111305,0.004941251361459301,0.010031083791715566,0.0059742476976488365,0.0009290006181176858,0.02187558346894139
2500,1.0,9901.331694945693,20.80170965194702,49.64092540740967,38.057748794555664,4.671131610870361,113.17151546478271,0.0021009001912909975,0.005013560492347685,0.0038437000160274305,0.00047176801614017455,0.011429928715806286
2500,1.5,49575.648383796215,99.87921524047852,206.25157165527344,117.79078102111816,13.255562543869019,437.17713046073914,0.002014682984421118,0.004160340376358783,0.0023759806449574956,0.0002673805179762731,0.00881838452371367
2500,2.0,156699.83887553215,226.8160514831543,560.9615631103516,330.6121597290039,62.69658613204956,1181.0863604545593,0.0014474555501190782,0.0035798477339592386,0.0021098436482223292,0.00040010625781083237,0.0075372531901114785
2500,2.5,374369.2094159126,833.27685546875,1189.5867614746094,797.0518493652344,101.82503890991211,2921.740505218506,0.002225815677439982,0.0031775763913132484,0.002129052895692964,0.0002719909553159529,0.007804435919762147
2500,3.0,767360.2368021011,1393.5820007324219,2551.992889404297,1646.4019775390625,205.48562622070312,5797.462493896484,0.0018160727307685877,0.003325677780802766,0.002145539863259376,0.00026778247864007705,0.007555072853470807
2500,3.5,1384917.6059246063,2267.2745361328125,5051.482666015625,3004.9126586914062,369.00960540771484,10692.679466247559,0.0016371187184230516,0.003647496893970906,0.002169741106500881,0.0002664487792119262,0.007720805498106765
3000,0.1,1.172766115532795,,,,,,,,,,
3000,0.5,320.1587413623929,1.162454068660736,2.30607807636261,1.302511751651764,0.28028591722249985,5.05132981389761,0.0036308678117425983,0.007202920859038243,0.004068331060114425,0.0008754592051111285,0.015777578936006394
3000,1.0,4969.978624098003,9.68968915939331,21.09732413291931,13.392369031906128,2.2611864805221558,46.440568804740906,0.0019496440311454828,0.0042449526906664006,0.0026946532459858814,0.0004549690555122934,0.009344219023310058
3000,1.5,24925.759905278683,32.278279304504395,77.5295524597168,48.95576095581055,9.597308039665222,168.36090075969696,0.0012949767400137968,0.0031104188098713846,0.0019640629269418136,0.00038503572513481286,0.006754494201961808
3000,2.0,78915.46292126179,101.39417266845703,252.91407775878906,152.89336013793945,37.42420196533203,544.6258125305176,0.0012848454398553483,0.003204873524104333,0.0019374322151602837,0.0004742315457576695,0.006901382724877634
3000,2.5,189529.5229101181,327.50777435302734,514.8533630371094,335.9734649658203,85.60639190673828,1263.9409942626953,0.0017280040034097675,0.0027164810797380198,0.0017726708736831008,0.00045167840129759624,0.0066688343581284846
3000,3.0,387335.5307292938,651.1596221923828,1132.0127868652344,826.9797058105469,192.53131484985352,2802.6834297180176,0.0016811254597954089,0.002922563764635345,0.0021350473690174253,0.0004970659791714598,0.00723580257261964
3000,3.5,703080.1172304153,1064.3719787597656,2143.464599609375,1337.0899505615234,282.93525314331055,4827.861782073975,0.0015138701161861283,0.0030486775931780658,0.0019017604363903932,0.00040242249241502335,0.006866730638169611
3500,0.1,0.426372490205722,,,,,,,,,,
3500,0.5,174.3561380635947,0.3733069822192192,0.7806845903396606,0.573944628238678,0.13104404509067535,1.8589802458882332,0.002141060167798963,0.004477528574617279,0.0032917947977795727,0.0007515883670403293,0.010661971907236143
3500,1.0,2757.4208665266633,3.4840219616889954,10.589227676391602,6.946041584014893,1.4145569950342178,22.433848217129707,0.0012635075058663723,0.0038402653018761463,0.0025190356932216704,0.0005130000328227151,0.008135808533786905
3500,1.5,13890.55720217526,17.944007873535156,45.941022872924805,30.06328010559082,7.5604294538497925,101.50874030590057,0.001291813396133967,0.0033073563719769605,0.0021642961954674443,0.0005442855418835056,0.0073077515054618776
3500,2.0,44127.00302809477,52.269076347351074,161.29959869384766,96.57035827636719,21.115398406982422,331.25443172454834,0.0011845145321578356,0.003655349052169971,0.002188464016350324,0.0004785142193667373,0.007506841820044868
3500,2.5,105717.22020566463,145.80319023132324,352.08216094970703,215.91699600219727,57.417555809020996,771.2199029922485,0.0013791810827760555,0.0033304144799187734,0.002042401375879422,0.0005431239650202645,0.007295120903594516
3500,3.0,215738.1536602974,279.1690444946289,710.4301910400391,564.9015808105469,96.09232234954834,1650.5931386947632,0.0012940179553692212,0.0032930206316620597,0.0026184593277832737,0.0004454118139012902,0.007650909728715845
3500,3.5,390508.09698820114,532.637939453125,1342.602783203125,892.4319458007812,189.3684425354004,2957.0411109924316,0.001363961320036901,0.0034380920486872532,0.002285309709795199,0.00048492833822373215,0.007572291416743085
4000,0.1,0.20235796447423127,,,,,,,,,,
4000,0.5,103.68950086529367,0.22163261473178864,0.37727338820695877,0.27922168374061584,0.05041468609124422,0.9285423727706075,0.0021374643805038528,0.0036384916993388427,0.0026928636111708325,0.0004862082049824846,0.008955027895996013
4000,1.0,1634.5886925887316,1.842663824558258,4.72062623500824,4.508784532546997,0.8291242346167564,11.901198826730251,0.0011272951005429958,0.002887959678426557,0.002758360285367166,0.0005072372263285729,0.007280852290665292
4000,1.5,8310.883636064827,12.647646188735962,27.031065940856934,22.297852993011475,3.809383511543274,65.78594863414764,0.0015218172630707865,0.003252490002814676,0.0026829701833690246,0.0004583608288067673,0.007915638278061254
4000,2.0,26332.74848535657,34.60015821456909,85.84171676635742,58.589040756225586,13.185643911361694,192.2165596485138,0.0013139592410495989,0.0032598844292343167,0.0022249496967172446,0.0005007317758225704,0.0072995251428237306
4000,2.5,63342.05918073654,95.01717948913574,200.83549880981445,139.0664520263672,29.28838348388672,464.2075138092041,0.001500064581386899,0.0031706499821352848,0.0021954835984975335,0.00046238445454254893,0.007328582616562266
4000,3.0,128987.69090354443,183.06754684448242,416.5644226074219,292.9160461425781,53.749595642089844,946.2976112365723,0.0014192636953349162,0.003229489726418346,0.0022708837106140425,0.0004167032936676353,0.00733634042603494
4000,3.5,232842.74527549744,341.68406677246094,799.3495025634766,519.3355255126953,108.07840251922607,1768.447497367859,0.0014674456202970097,0.0034330015376587896,0.0022304131696189297,0.0004641690785398904,0.007595029406114619
