mMed,yukawa,N_generated,NA_0SVJ,NA_1SVJ,NA_2SVJ,NA_3PSVJ,NA_Inclusive,eff_0SVJ,eff_1SVJ,eff_2SVJ,eff_3PSVJ,eff_Inclusive
500,0.5,1328261.2261390686,1026.5269665718079,3126.040327847004,2442.261091351509,598.5765368938446,7193.4049226641655,0.0007728351519796082,0.0023534830847495567,0.0018386903444065489,0.0004506466989432196,0.005415655280078934
500,1.0,5498128.108139038,2800.800384402275,7344.773057073355,6459.440656304359,2191.4940034151077,18796.508101195097,0.0005094098080865321,0.0013358679377078672,0.0011748436066344584,0.00039858911256923527,0.003418710464998093
500,1.5,20158032.933502197,12241.746463298798,29071.634860038757,19647.650626182556,6930.668727874756,67891.70067739487,0.0006072887420951322,0.0014421860980156627,0.0009746809468461877,0.00034381671816579586,0.0033679725051227786
500,2.0,56819322.0010376,35496.819021224976,88801.67623901367,63129.165960550316,20215.22531890869,207642.88653969765,0.0006247314781506326,0.001562878139189905,0.0011110510252022629,0.0003557808260813027,0.003654441468624103
500,2.5,122999250.3717041,168033.23568725586,340686.5687880516,182449.13824105263,44066.38494873047,735235.3276650906,0.001366132193321983,0.0027698263831567736,0.001483335367408263,0.00035826547572901236,0.0059775594196160315
500,3.0,246196964.4970703,366179.42196655273,722807.741809845,390102.38797950745,92677.38841629027,1571766.9401721954,0.001487343366375706,0.002935892175951041,0.001584513394697641,0.0003764359508071559,0.006384184887831544
500,3.5,443692632.33154297,740068.7732391357,1442031.6362762451,792846.2041473389,189615.4607810974,3164562.074443817,0.001667976250473616,0.003250068924287901,0.001786926683864554,0.00042735769531419664,0.0071323295539402675
600,0.5,542104.215118885,1233.8041880130768,2760.562346279621,2215.3181533440948,669.6825994364917,6879.367287073284,0.002275953873080474,0.005092309318558281,0.004086517115271404,0.0012353392221634513,0.01269011952907361
600,1.0,2459518.4546279907,2782.9761716127396,7089.611383259296,4803.1371166706085,2015.4356216788292,16691.160293221474,0.0011315126204384071,0.002882520100598969,0.0019528770388499064,0.0008194431791664152,0.0067863529390536975
600,1.5,10070089.762496948,10152.788648605347,25489.197810649872,17913.70374393463,5159.435937523842,58715.12614071369,0.0010082123285947645,0.002531178808909609,0.0017789020918809373,0.0005123525270587582,0.005830645756444069
600,2.0,28800925.744934082,28811.783651828766,73509.8225364685,55528.90979063511,16900.87593460083,174751.3919135332,0.001000376998537854,0.00255234235133565,0.0019280251712187524,0.0005868171073484885,0.006067561628440745
600,2.5,64902375.886535645,135991.71769714355,279181.54029655457,168103.94339466095,44749.95933532715,628027.1607236862,0.0020953272640571513,0.004301561175273898,0.0025901046163324666,0.0006894964741130652,0.009676489529776582
600,3.0,130768647.08740234,310012.8871231079,604683.2076702118,365941.83236694336,80530.25992584229,1361168.1870861053,0.0023706973653700295,0.004624068697950644,0.0027983912085773697,0.0006158223834190008,0.010408979655317044
600,3.5,235382551.64794922,562996.4268302917,1227642.879951477,715292.2057495117,176874.90274047852,2682806.415271759,0.002391835855668433,0.005215522014510259,0.0030388497394630218,0.0007514359135889653,0.011397643523230678
700,0.5,245947.013245821,903.8411182612181,2197.251371771097,1733.2244347929955,603.749113291502,5438.066038116813,0.003674942445256857,0.008933840434870301,0.00704714569174564,0.0024547934342592005,0.022110722006132
700,1.0,1398491.2246704102,2515.635022163391,6390.574817597866,4707.0705144405365,1401.8434383869171,15015.12379258871,0.001798820741800696,0.004569620963552322,0.0033658205581875403,0.001002397021631149,0.010736659285171707
700,1.5,5487697.132110596,8156.781844258308,21052.449988603592,16961.146036207676,5043.066393852234,51213.44426292181,0.0014863760969113778,0.003836299540916303,0.0030907584051899626,0.000918976808020862,0.009332410851038505
700,2.0,16204026.369628906,22448.696758508682,63293.339774131775,46457.49541711807,14987.626857757568,147187.1588075161,0.0013853776985073363,0.003906025473567609,0.0028670340542146385,0.0009249322678126946,0.009083369494102279
700,2.5,37110096.20391846,102466.25411081314,223711.59483909607,144877.71655631065,31110.26530647278,502165.83081269264,0.0027611422386987433,0.006028321608486543,0.003903997331621388,0.0008383234884523917,0.013531784667259066
700,3.0,75333054.63806152,211163.748588562,471236.2871055603,293935.65071487427,69055.74979686737,1045391.436205864,0.002803068979521679,0.006255372085595363,0.003901815107950836,0.0009166726363167731,0.013876928809384651
700,3.5,136154966.4465332,409776.5228424072,924243.9419250488,550761.3391418457,147761.5884399414,2032543.3923492432,0.003009633313694236,0.006788176487766907,0.004045106495311903,0.0010852456748095636,0.01492816197158261
800,0.5,124504.62459146976,495.5443705022335,1638.006571367383,1363.5765911489725,533.5358691290021,4030.663402147591,0.003980128225182287,0.013156190597273673,0.01095201560281959,0.004285269490026288,0.032373603915301835
800,1.0,795270.3885984421,1629.6780726909637,5400.662065029144,4028.0016302466393,1227.2324387431145,12285.574206709862,0.002049212564751787,0.006790975927755956,0.00506494607116638,0.0015431637545388153,0.015448298318212938
800,1.5,3412921.479663849,5618.587070584297,16680.418713510036,13730.90357990563,4660.661154270172,40690.570518270135,0.0016462690700805962,0.004887431138659818,0.004023211099851625,0.0013655928453206658,0.011922504153912706
800,2.0,10124004.048461914,16935.52012717724,48090.32882094383,39521.734399318695,11752.56296157837,116300.14630901814,0.001672808509964016,0.004750129355020353,0.0039037651713822678,0.0011608611479530051,0.011487564184319642
800,2.5,23577107.124176025,69777.78086948395,171744.84634792805,107542.8733830452,25352.58734703064,374418.08794748783,0.002959556509709948,0.007284390126548666,0.0045613260701000274,0.0010753052617313696,0.01588057796809001
800,3.0,47817018.46435547,144998.30084991455,351419.25696754456,219827.8873448372,55498.04716730117,771743.4923295975,0.0030323576313734724,0.007349250711428299,0.004597272987831829,0.0011606337858281863,0.016139515116461788
800,3.5,86726333.11950684,253443.9253616333,654042.8030948639,422253.09869766235,116604.00643920898,1446343.8335933685,0.0029223410727211717,0.007541455744400128,0.004868799169864677,0.001344505206723446,0.016677101193709423
900,0.5,68376.86792373657,375.3807654976845,1152.277591586113,960.2961706221104,350.16846331954,2838.122991025448,0.005489879500130973,0.016851862721634074,0.014044167271498407,0.005121153892425971,0.04150706338568942
900,1.0,512722.95265197754,1303.2588885426521,3340.442677438259,3309.8247816562653,963.9459451436996,8917.472292780876,0.002541838397914027,0.006515102669307768,0.0064553864119730265,0.0018800522585498529,0.017392379737744674
900,1.5,2196004.884004593,4616.492671966553,12379.97968864441,10446.207205295563,3480.871461868286,30923.55102777481,0.0021022233172578396,0.005637500981358709,0.004756914377278642,0.0015850927687923147,0.014081731444687504
900,2.0,6513325.191650391,11553.666752815247,32242.694209188223,26426.850026130676,9238.50041627884,79461.71140441298,0.0017738507464092545,0.004950266301845486,0.004057351544493429,0.0014183999945407185,0.012199868587288889
900,2.5,15266029.06967163,45112.40793991089,112109.83890748024,84216.03017044067,20708.42974090576,262146.70675873756,0.002955084634912283,0.007343745933918342,0.005516564247722355,0.0013565040159687837,0.01717189883252176
900,3.0,31247442.566223145,90116.12969279289,241980.22160339355,163093.24765968323,40364.14323043823,535553.7421863079,0.0028839521667031955,0.007744000843927034,0.0052194110706512194,0.0012917582981357254,0.017139122379417174
900,3.5,56730266.62963867,187933.82777786255,445900.85953235626,297352.1651535034,76492.62265014648,1007679.4751138687,0.003312761228583345,0.007860016989579876,0.005241508330901305,0.0013483564804926016,0.01776264302955713
1000,0.5,40292.27712869644,238.23859214782715,783.5557189285755,733.9347765408456,241.0936772376299,1996.8227648548782,0.005912760685797824,0.019446796626208095,0.018215271730525555,0.005983620048764166,0.049558449091295635
1000,1.0,332849.31053876877,866.4091382026672,2335.163882255554,2229.1353044509888,681.5245554745197,6112.23288038373,0.002603007159006123,0.007015678892276284,0.0066971306049659046,0.0020475468444605322,0.018363363500708843
1000,1.5,1459405.0399780273,2376.8411290049553,8412.623977184296,6756.659767627716,2443.607551574707,19989.732425391674,0.0016286370568110006,0.0057644202580737665,0.00462973580503014,0.0016743861262884894,0.013697179246203397
1000,2.0,4412700.52154541,7178.631732463837,21170.455753326416,20026.638253331184,7017.882614135742,55393.60835325718,0.0016268114496811004,0.004797618975038017,0.004538408658269309,0.0015903827100593603,0.012553221793047787
1000,2.5,10402055.440597534,28276.273542404175,79124.19334602356,54859.59929347038,14428.295654296875,176688.361836195,0.0027183352082557136,0.007606592158431945,0.005273919140957687,0.0013870619837292521,0.016985908491374598
1000,3.0,21159993.674926758,56479.95171499252,160088.32362902164,110837.69015169144,26181.693942070007,353587.6594377756,0.0026691856615211405,0.0075656130190018015,0.005238077659873171,0.0012373204994429485,0.01671019683983906
1000,3.5,38554231.46606445,110643.77070474625,294152.7520465851,214793.547706604,50299.778717041016,669889.8491749763,0.002869821715993359,0.007629584117258288,0.005571205534097234,0.0013046500164661569,0.017375261383815038
1500,0.5,5738.304794281721,32.45330497995019,124.26554333884269,110.27842922881246,42.94320531189442,309.94048285949975,0.00565555615175587,0.021655444908167752,0.019217945574920667,0.007483604801663333,0.05401255143650762
1500,1.0,66652.60048478842,148.55823609232903,526.5645947754383,497.487009704113,164.0902757421136,1336.700116313994,0.0022288438112213383,0.007900135792835447,0.007463879969959318,0.002461873573553407,0.02005473314756951
1500,1.5,315744.7021102905,370.37680304050446,1384.421568453312,1390.226426512003,645.5063726902008,3790.53117069602,0.001173026184018539,0.004384623270637584,0.004403007927671872,0.002044393360762467,0.012005050743090462
1500,2.0,983650.0052642822,908.6822136640549,3161.6705399751663,4048.912840783596,1238.5920575261116,9357.857651948929,0.0009237861117277324,0.0032142230702532294,0.004116212900030183,0.001259179637978381,0.009513401719989526
1500,2.5,2339462.5811576843,3368.527902841568,10417.93516254425,9713.836334645748,3108.5914294719696,26608.890829503536,0.0014398725288329469,0.004453131777550778,0.0041521657208292906,0.001328763047765304,0.01137393307497832
1500,3.0,4779620.313491821,6937.409142792225,21924.853088855743,21333.18345928192,6815.288475036621,57010.73416596651,0.0014514561173843534,0.0045871537174128,0.004463363627245248,0.0014259058310130942,0.011927879293055495
1500,3.5,8666769.256591797,13015.870590567589,43131.04873049259,39759.21272659302,12868.124794006348,108774.25684165955,0.001501813444573702,0.0049766005593939,0.0045875471642853344,0.0014847660544578445,0.012550727222710781
2000,0.5,1642.8655205946416,4.572638773359358,25.205547395627946,24.90115978755057,8.245264496654272,62.924610453192145,0.0027833311467296935,0.015342428871782944,0.015157150402996769,0.0050188310566466,0.03830174147815601
2000,1.0,22539.391845464706,34.836539475247264,104.5646811593324,117.53571627475321,48.267796505242586,305.20473341457546,0.0015455847129370061,0.004639197094413731,0.005214680018014919,0.002141486196086291,0.013540948021451947
2000,1.5,110848.58816385269,87.37166579812765,327.09745955467224,377.1980442106724,168.50423497706652,960.1714045405388,0.0007882072947016498,0.0029508491264784325,0.0034028222682738257,0.0015201297352383882,0.008662008424692296
2000,2.0,349126.08345508575,153.47543781995773,1071.2218370437622,1319.708698362112,472.5995871424675,3017.0055603682995,0.0004395988873163124,0.0030682950596029367,0.0037800346662780625,0.0013536645055718568,0.008641593118769168
2000,2.5,836192.3317193985,806.3850395679474,2645.695434935391,2973.3280843496323,1088.5232239961624,7513.931782849133,0.0009643535452063275,0.0031639795470203,0.003555794488375425,0.001301761786977782,0.008985889367579835
2000,3.0,1709076.5641593933,1489.1523067951202,4720.343654587865,6282.013947963715,2295.3834532499313,14786.893362596631,0.0008713198331916496,0.0027619263838595544,0.0036756773100177133,0.00134305478255675,0.008651978309625667
2000,3.5,3183655.566177368,2927.8685173988342,10757.703728437424,11470.641568481922,3930.91932117939,29087.13313549757,0.0009196561803054409,0.0033790413268085574,0.003602978189708751,0.0012347187814350361,0.009136394478257785
2500,0.5,661.6982620675117,1.1189999950584024,5.386183943366632,5.691910762805492,2.4352643582969904,14.632359059527516,0.0016911031193614246,0.008139939685706914,0.00860197326953952,0.0036803245495732094,0.022113340624181067
2500,1.0,9901.331694945693,7.411573447287083,36.10884083574638,41.525041580200195,29.547171358019114,114.59262722125277,0.0007485430925488992,0.003646867103157322,0.004193884505596089,0.0029841613500436494,0.011573456051345958
2500,1.5,49575.648383796215,22.459949247539043,162.32630987465382,182.96619799360633,76.81107737123966,444.56353448703885,0.00045304398388625153,0.0032743154182873,0.0036906465968362155,0.0015493711101183568,0.008967377109128124
2500,2.0,156699.83887553215,61.778551526367664,435.57787481322885,473.8952202349901,214.21204019337893,1185.4636867679656,0.00039424770293119976,0.0027796957414819782,0.0030242227665046206,0.0013670214451434704,0.007565187656061269
2500,2.5,374369.2094159126,232.58247592300177,979.600198507309,1256.938334941864,467.75765028595924,2936.878659658134,0.0006212649707113328,0.002616668715986745,0.0033574832099651773,0.001249455453389851,0.007844872350053106
2500,3.0,767360.2368021011,388.1129468232393,1808.343245089054,2539.099978506565,1179.7029367685318,5915.25910718739,0.000505776724163689,0.0023565766876651674,0.003308876140218076,0.0015373521850504382,0.00770858173709737
2500,3.5,1384917.6059246063,559.7710521221161,3349.2816455364227,4780.973103523254,2082.495224773884,10772.521025955677,0.0004041908700759123,0.0024183977669201173,0.0034521715104714515,0.0015036961158303398,0.007778456263297821
3000,0.5,320.1587413623929,0.3141545968828721,1.8341405531973578,1.9895999218861107,0.9568009799113497,5.0946960518776905,0.0009812463515630684,0.005728847338018686,0.0062144169902081485,0.0029885205565208387,0.015913031236310743
3000,1.0,4969.978624098003,3.577573660761118,13.22255221940577,21.807804119191132,8.532710125669837,47.14064012502786,0.00071983683056794,0.0026604847262910554,0.0043879070250828316,0.001716850467786153,0.009485079049727979
3000,1.5,24925.759905278683,8.264082659035921,56.41044207941741,66.25448719598353,37.66386542003602,168.59287735447288,0.00033154787217884517,0.002263138307268659,0.002658072911227569,0.001511041812292339,0.006763800902967412
3000,2.0,78915.46292126179,29.135325461626053,142.33884367905557,224.20548318326473,152.1796190738678,547.8592713978142,0.00036919666163139585,0.0018036876222987466,0.002841084305707826,0.0019283878398547267,0.006942356429492695
3000,2.5,189529.5229101181,87.21486528217793,390.48685209453106,524.7555892765522,263.5403896868229,1265.997696340084,0.0004601650652787135,0.0020602956526182695,0.0027687274321130995,0.0013904978266198848,0.006679685976629967
3000,3.0,387335.5307292938,220.5499491095543,691.8218968510628,1183.8226909637451,707.5581397563219,2803.752676680684,0.0005694028345251268,0.0017861049192891432,0.003056323515518412,0.0018267318219531725,0.007238563091285855
3000,3.5,703080.1172304153,188.83848291635513,1606.6390252113342,2155.064058959484,919.7411234974861,4870.28269058466,0.0002685874316290308,0.002285143592938217,0.003065175655156837,0.0013081597686484796,0.006927066448372565
3500,0.5,174.3561380635947,0.1313526775338686,0.5901336336683015,0.7820990976761094,0.37371331232134253,1.877298721199622,0.0007533584936709196,0.00338464501578405,0.004485641322193351,0.002143390628353068,0.010767035460001389
3500,1.0,2757.4208665266633,1.1691587131936103,6.306034550303593,9.496238330379128,5.581569388275966,22.553000982152298,0.0004240044482822532,0.0022869321933604134,0.003443884263609312,0.002024199300162217,0.008179020205414195
3500,1.5,13890.55720217526,5.008359884377569,33.07566284504719,39.09753925353289,24.623671267181635,101.80523325013928,0.0003605586018963487,0.0023811617031365413,0.002814684730387217,0.001772691398105007,0.007329096433525114
3500,2.0,44127.00302809477,13.714624885004014,103.94492445513606,143.8118693754077,69.89745949208736,331.36887820763513,0.0003107989200234648,0.00235558540852993,0.003259044564704419,0.001584006497055444,0.0075094353903132575
3500,2.5,105717.22020566463,42.73549946397543,249.76284364052117,306.0316740721464,175.00818413496017,773.5382013116032,0.00040424350338418697,0.0023625559124107404,0.0028948138579200774,0.0016554368701191288,0.007317050143834133
3500,3.0,215738.1536602974,77.03653578460217,417.3642563521862,739.5154851526022,416.6768950819969,1650.5931723713875,0.00035708350367132726,0.0019345871338519495,0.0034278382038860303,0.0019314010434060675,0.007650909884815375
3500,3.5,390508.09698820114,173.32634214684367,949.1360442824662,1171.9552385807037,696.3742790818214,2990.791904091835,0.0004438482671258941,0.0024305156579407456,0.0030011035561603562,0.0017832518312747348,0.007658719312501731
4000,0.5,103.68950086529367,0.0454414668056414,0.2715594712262826,0.4189168132288613,0.1984142466681077,0.934331997928893,0.0004382455931066334,0.0026189678700360816,0.0040401083015443335,0.001913542306716993,0.009010864071404041
4000,1.0,1634.5886925887316,0.3475447394303045,3.1213176388991997,5.482553525362164,2.9867957428796217,11.93821164657129,0.00021261907720644438,0.0019095431487146195,0.0033540875146268944,0.0018272460567125128,0.007303495797260471
4000,1.5,8310.883636064827,2.757100577233359,17.95994029287249,31.384247534908354,13.770344704389572,65.87163310940377,0.00033174578034867494,0.002161014529783075,0.003776282873065069,0.001656905006422371,0.00792594818961919
4000,2.0,26332.74848535657,7.706222737208009,52.944340605288744,90.6442512460053,42.01049862243235,193.3053132109344,0.00029264786930590926,0.0020105892339620634,0.003442263206835847,0.0015953708229808998,0.007340871133084719
4000,2.5,63342.05918073654,18.901237662881613,137.6123777050525,213.6246961839497,96.38608427345753,466.52439582534134,0.0002983994822294918,0.0021725276930514266,0.003372556859485819,0.001521675889923867,0.007365159924690604
4000,3.0,128987.69090354443,49.82890651375055,270.5416858494282,425.7368981987238,203.00766449794173,949.1151550598443,0.00038630745433695734,0.00209742250562293,0.00330060097375559,0.001573853001599576,0.007358183935315054
4000,3.5,232842.74527549744,73.66482351720333,494.9199752472341,742.554270029068,473.7525089010596,1784.891577694565,0.0003163715641217156,0.0021255546298496407,0.0031890805494089345,0.0020346457792383434,0.007665652522618634
