mPhi,yukawa,n_events,n_overflow,total_sumw,total_sumw2,direct_source_count,direct_sumw,direct_sumw2,direct_fraction,direct_uncertainty,associated_source_count,associated_sumw,associated_sumw2,associated_fraction,associated_uncertainty,pair_source_count,pair_sumw,pair_sumw2,pair_fraction,pair_uncertainty
600,0.5,198232,0,52104.4375,32981.04296875,99035,6189.6875,386.85546875,0.11879386472601301,0.0005292222955683918,71043,17760.75,4440.1875,0.34086828017287396,0.0013899802332715087,28154,28154.0,28154.0,0.540337855101113,0.0016462818194223736
800,0.5,198900,0,38082.5625,19860.87890625,125057,7816.0625,488.50390625,0.20523993100516805,0.0008805847912744082,58102,14525.5,3631.375,0.38142128697353284,0.0016081438651165834,15741,15741.0,15741.0,0.41333878202129914,0.0020544804334861745
1000,0.5,201512,0,29722.0625,12564.67578125,146717,9169.8125,573.11328125,0.3085187140024351,0.0012658024819797227,45657,11414.25,2853.5625,0.3840329048497223,0.0016872553713063593,9138,9138.0,9138.0,0.3074483811478426,0.0023082418323082062
1500,0.5,207329,0,19312.8125,4234.33203125,181621,11351.3125,709.45703125,0.587760715846022,0.0018942083948446646,23662,5915.5,1478.875,0.30629925082118414,0.0016128005831682766,2046,2046.0,2046.0,0.10594003333279396,0.002109651317844313
2000,0.5,210683,0,15673.25,1970.890625,199396,12462.25,778.890625,0.7951286427511843,0.0017891126435658833,10768,2692.0,673.0,0.17175761249262278,0.0014266163790964956,519,519.0,519.0,0.03311374475619288,0.0014077039884986323
3000,0.5,212775,0,13787.8125,1029.08203125,210421,13151.3125,821.95703125,0.9538360417941569,0.001000239037839806,2290,572.5,143.125,0.0415221776478321,0.0008364741124922535,64,64.0,64.0,0.004641780558010925,0.0005776239936817926
4000,0.5,212684,0,13387.8125,864.01953125,212197,13262.3125,828.89453125,0.9906258023855652,0.0004390020648913904,482,120.5,30.125,0.009000723605891553,0.00040674528220447466,5,5.0,5.0,0.00037347400854321794,0.00016696227754195393
600,1.0,198232,0,198232.0,198232.0,99035,99035.0,99035.0,0.49959138786875984,0.0011230083307551143,71043,71043.0,71043.0,0.3583831066629,0.0010770225060405378,28154,28154.0,28154.0,0.1420255054683401,0.0007840314414527659
800,1.0,198900,0,198900.0,198900.0,125057,125057.0,125057.0,0.6287430869783811,0.001083319335227528,58102,58102.0,58102.0,0.2921166415284062,0.001019627662181162,15741,15741.0,15741.0,0.07914027149321266,0.0006053103734208644
1000,1.0,201512,0,201512.0,201512.0,146717,146717.0,146717.0,0.7280807098336576,0.0009911954838705127,45657,45657.0,45657.0,0.2265721148120211,0.0009325297280003985,9138,9138.0,9138.0,0.04534717535432133,0.00046349749830036055
1500,1.0,207329,0,207329.0,207329.0,181621,181621.0,181621.0,0.8760038393085386,0.0007238141974222803,23662,23662.0,23662.0,0.11412778723671073,0.0006983147440079981,2046,2046.0,2046.0,0.009868373454750662,0.00021708970482588291
2000,1.0,210683,0,210683.0,210683.0,199396,199396.0,199396.0,0.9464266219865864,0.0004905725490145463,10768,10768.0,10768.0,0.0511099614112197,0.0004797842347245286,519,519.0,519.0,0.0024634166021938173,0.00010799871820090292
3000,1.0,212775,0,212775.0,212775.0,210421,210421.0,210421.0,0.9889366701915169,0.00022676022047341603,2290,2290.0,2290.0,0.010762542591939843,0.00022369043715326215,64,64.0,64.0,0.0003007872165432969,3.759274708329112e-05
4000,1.0,212684,0,212684.0,212684.0,212197,212197.0,212197.0,0.9977102179759644,0.0001036410659408253,482,482.0,482.0,0.0022662729683474076,0.00010310886971379176,5,5.0,5.0,2.3509055688251114e-05,1.0513445738381859e-05
600,1.5,198232,0,689365.4375,2925967.91796875,99035,501364.6875,2538158.73046875,0.7272843403902157,0.000910425118632662,71043,159846.75,359655.1875,0.23187520189536628,0.0008584162632706297,28154,28154.0,28154.0,0.04084045771441798,0.00025431091828837595
800,1.5,198900,0,779571.5625,3514956.50390625,125057,633101.0625,3205074.12890625,0.8121141059452127,0.0007228180625397049,58102,130729.5,294141.375,0.16769403386234988,0.0006959290209285027,15741,15741.0,15741.0,0.020191860192437433,0.00016496463485229197
1000,1.5,201512,0,854621.0625,4000472.80078125,146717,742754.8125,3760196.23828125,0.8691042674834614,0.0005802574909268403,45657,102728.25,231138.5625,0.1202032743020536,0.0005652650807623236,9138,9138.0,9138.0,0.010692458214484972,0.00011344601808527744
1500,1.5,207329,0,974741.8125,4776582.45703125,181621,919456.3125,4654747.58203125,0.9432819036887268,0.0003603574113472516,23662,53239.5,119788.875,0.05461907893686463,0.0003567950742244591,2046,2046.0,2046.0,0.002099017374408569,4.654587313036236e-05
2000,1.5,210683,0,1034189.25,5165333.390625,199396,1009442.25,5110301.390625,0.9760711107759049,0.00022750031870741932,10768,24228.0,54513.0,0.023427046838864356,0.00022634210636075498,519,519.0,519.0,0.0005018423852307496,2.2044981792328142e-05
3000,1.5,212775,0,1070472.8125,5404517.20703125,210421,1065256.3125,5392860.08203125,0.9951269196759727,0.00010092395702593603,2290,5152.5,11593.125,0.004813293658497282,0.00010064202466143602,64,64.0,64.0,5.9786665530097246e-05,7.474014252862132e-06
4000,1.5,212684,0,1075336.8125,5440822.14453125,212197,1074247.3125,5438377.01953125,0.9989868290684971,4.598985068825785e-05,482,1084.5,2440.125,0.0010085212255299778,4.594264433721112e-05,5,5.0,5.0,4.649705972936735e-06,2.0794265174434356e-06
600,2.0,198232,0,1896886.0,26517802.0,99035,1584560.0,25352960.0,0.8353480388383909,0.0006456951350499954,71043,284172.0,1136688.0,0.1498097408067749,0.0006218156937139682,28154,28154.0,28154.0,0.014842220354834186,9.599872065920721e-05
800,2.0,198900,0,2249061.0,32959965.0,125057,2000912.0,32014592.0,0.889665509294768,0.00047431898876383507,58102,232408.0,929632.0,0.10333556982225027,0.000464091990786578,15741,15741.0,15741.0,0.006998920882981831,5.8202730388837034e-05
1000,2.0,201512,0,2539238.0,38299202.0,146717,2347472.0,37559552.0,0.9244789184786932,0.00036230670323540254,45657,182628.0,730512.0,0.07192236411080805,0.00035738863680874066,9138,9138.0,9138.0,0.00359871741049874,3.8522324254820316e-05
1500,2.0,207329,0,3002630.0,46875614.0,181621,2905936.0,46494976.0,0.9677968980527071,0.0002118767265483094,23662,94648.0,378592.0,0.03152169931027133,0.00021097604276222327,2046,2046.0,2046.0,0.0006814026370215445,1.5134069949854536e-05
2000,2.0,210683,0,3233927.0,51218183.0,199396,3190336.0,51045376.0,0.98652072232923,0.00013026057555835184,10768,43072.0,172288.0,0.01331879167340512,0.00013001444172185193,519,519.0,519.0,0.00016048599736481374,7.052371238464721e-06
3000,2.0,212775,0,3375960.0,53904480.0,210421,3366736.0,53867776.0,0.9972677401391011,5.69049776580544e-05,2290,9160.0,36640.0,0.0027133022903114965,5.685266338386349e-05,64,64.0,64.0,1.8957570587329235e-05,2.3700100307121048e-06
4000,2.0,212684,0,3397085.0,54330149.0,212197,3395152.0,54322432.0,0.9994309827396135,2.5874118650349938e-05,482,1928.0,7712.0,0.000567545410256146,2.5865639988545944e-05,5,5.0,5.0,1.4718501303323291e-06,6.582381672040053e-07
600,2.5,198232,0,4340727.4375,153918688.66796875,99035,3868554.6875,151115417.48046875,0.8912226679056487,0.0004615952799490487,71043,444018.75,2775117.1875,0.10229132245532752,0.0004501426323379336,28154,28154.0,28154.0,0.006486009639023782,4.264378993790263e-05
800,2.5,198900,0,5263917.5625,193107188.75390625,125057,4885039.0625,190821838.37890625,0.9280234738668555,0.00032666348505521283,58102,363137.5,2269609.375,0.06898616775212843,0.00032214111551633035,15741,15741.0,15741.0,0.002990358381016154,2.504013651465296e-05
1000,2.5,201512,0,6025627.0625,225664990.05078125,146717,5731132.8125,223872375.48828125,0.9511263729159807,0.00024370510003786223,45657,285356.25,1783476.5625,0.047357104420864576,0.0002416755078773382,9138,9138.0,9138.0,0.0015165226631547776,1.628525657333361e-05
1500,2.5,207329,0,7244503.8125,278057995.70703125,181621,7094570.3125,277131652.83203125,0.9793038275801169,0.00013852486498647676,23662,147887.5,924296.875,0.020413751421433184,0.00013820348435302266,2046,2046.0,2046.0,0.0002824209984498507,6.275726039289841e-06
2000,2.5,210683,0,7856725.25,304675294.390625,199396,7788906.25,304254150.390625,0.9913680321199981,8.409842729656787e-05,10768,67300.0,420625.0,0.008565909823561669,8.402128145494987e-05,519,519.0,519.0,6.605805644024526e-05,2.903147099811142e-06
3000,2.5,212775,0,8233946.8125,321166482.45703125,210421,8219570.3125,321076965.33203125,0.9982539964943452,3.647167962307787e-05,2290,14312.5,89453.125,0.0017382308054591895,3.645730309795259e-05,64,64.0,64.0,7.772700195590437e-06,9.71727243301419e-07
4000,2.5,212684,0,8291962.8125,323805759.39453125,212197,8288945.3125,323786926.26953125,0.9996360933993275,1.6563036778835633e-05,482,3012.5,18828.125,0.00036330360713373016,1.6560790595849787e-05,5,5.0,5.0,6.029935388111704e-07,2.696699208855289e-07
600,3.0,198232,0,8689376.0,655551272.0,99035,8021835.0,649768635.0,0.923177337475096,0.0003406739125681685,71043,639387.0,5754483.0,0.0735826139874716,0.0003346729567348152,28154,28154.0,28154.0,0.0032400485374323774,2.1484956917238526e-05
800,3.0,198900,0,10668276.0,825220980.0,125057,10129617.0,820498977.0,0.9495083366797035,0.00023618803275436538,58102,522918.0,4706262.0,0.049016167185775845,0.00023391856802886158,15741,15741.0,15741.0,0.0014754961345207042,1.2396944699470464e-05
1000,3.0,201512,0,12304128.0,966317592.0,146717,11884077.0,962610237.0,0.9658609695867924,0.000173941346218902,45657,410913.0,3698217.0,0.03339635283378066,0.0001729609502586258,9138,9138.0,9138.0,0.0007426775794270021,7.98692649970628e-06
1500,3.0,207329,0,14926305.0,1193534049.0,181621,14711301.0,1191615381.0,0.9855956313367575,9.734091092721998e-05,23662,212958.0,1916622.0,0.01426729522142285,9.719896323748138e-05,2046,2046.0,2046.0,0.00013707344181966,3.0465529693056384e-06
2000,3.0,210683,0,16248507.0,1309109883.0,199396,16151076.0,1308237156.0,0.9940036952318142,5.868774910356601e-05,10768,96912.0,872208.0,0.005964363371970114,5.8656852697574566e-05,519,519.0,519.0,3.194139621566461e-05,1.4038298770500565e-06
3000,3.0,212775,0,17064775.0,1380757735.0,210421,17044101.0,1380572181.0,0.9987884985298664,2.5349668872540285e-05,2290,20610.0,185490.0,0.001207751054438163,2.5344589685837835e-05,64,64.0,64.0,3.750415695489686e-06,4.688713290838172e-07
4000,3.0,212684,0,17192300.0,1392263564.0,212197,17187957.0,1392224517.0,0.9997473869115825,1.1503868004887662e-05,482,4338.0,39042.0,0.00025232226054687273,1.150310638776333e-05,5,5.0,5.0,2.908278706164969e-07,1.3006367145278288e-07
600,3.5,198232,0,15759870.4375,2240833837.2929688,99035,14861439.6875,2230144793.1054688,0.9429925040587759,0.00025971078430174,71043,870276.75,10660890.1875,0.05522105993518895,0.0002563080184691937,28154,28154.0,28154.0,0.0017864360060352179,1.1905501566887069e-05
800,3.5,198900,0,19493856.5625,2824862479.6289062,125057,18766366.0625,2816127807.2539062,0.9626810376044594,0.0001778275648293897,58102,711749.5,8718931.375,0.036511477229661186,0.00017657348118730606,15741,15741.0,15741.0,0.0008074851658794234,6.797251338230368e-06
1000,3.5,201512,0,22585156.0625,3310744558.4257812,146717,22016719.8125,3303884016.8632812,0.9748314225313758,0.0001299389704419506,45657,559298.25,6851403.5625,0.024763975438214885,0.00012940968118873927,9138,9138.0,9138.0,0.00040460203040937033,4.354598828825421e-06
1500,3.5,207329,0,27546406.8125,4093431428.0820312,181621,27254501.3125,4089878603.2070312,0.9894031369685741,7.203248503103514e-05,23662,289859.5,3550778.875,0.010522588371433897,7.196021590029315e-05,2046,2046.0,2046.0,7.427465999200907e-05,1.6509713684018452e-06
2000,3.5,210683,0,30054289.25,4491765845.890625,199396,29921862.25,4490149453.890625,0.9955937404176011,4.3246811099031884e-05,10768,131908.0,1615873.0,0.0043889908326479555,4.3232206104456685e-05,519,519.0,519.0,1.7268749750919496e-05,7.589784593981702e-07
3000,3.5,212775,0,31604417.8125,4738762422.832031,210421,31576301.3125,4738418715.707031,0.9991103617169345,1.8634623052012298e-05,2290,28052.5,343643.125,0.0008876132497180453,1.863248600483068e-05,64,64.0,64.0,2.0250333475431743e-06,2.531670822239108e-07
4000,3.5,212684,0,31848721.8125,4778484357.769531,212197,31842812.3125,4778412022.644531,0.999814450952387,8.452700965581054e-06,482,5904.5,72330.125,0.00018539205544137723,8.45239458283016e-06,5,5.0,5.0,1.5699217159910002e-07,7.02098493728301e-08
